Seq,r,c,Ref B,Ref G,Ref R,Target B,Target G,Target B,Perceptibility,Curr Tot Min SLM,Target Tot Min SLM,Hard Decoding Errors,Soft Decoding Errors,Loc Mag,Loc Mag Ratio,Mean Pilot Mag
0,0,2,52.45444444444444,135.64555555555555,174.0611111111111,13.75954532206354,35.5817545904984,45.65870008743807,32.88053116977901,100,95,40/1044,0/512,-,-,-
0,0,3,49.22666666666667,135.21555555555557,175.5311111111111,12.991332691310467,35.68452601427266,46.32414129441686,33.20352923490884,100,95,40/1044,0/512,-,-,-
0,0,4,49.044444444444444,135.88666666666666,176.02,12.908180855517521,35.764492575171765,46.32732656931071,33.43043730388784,100,95,40/1044,0/512,-,-,-
0,0,5,48.31444444444445,136.07111111111112,177.01666666666668,12.700177088009053,35.768334450381545,46.53148846160941,33.758644026584534,100,95,40/1044,0/512,-,-,-
0,0,6,48.08777777777778,135.6688888888889,177.76333333333332,12.636476236138773,35.65098596051241,46.71253780334882,33.701603890735065,100,95,40/1044,0/512,-,-,-
0,0,7,47.81444444444445,135.62333333333333,177.64888888888888,12.579728473927466,35.68178461311227,46.738486912960255,34.20090393992246,100,95,40/1044,0/512,-,-,-
0,0,8,47.97666666666667,135.99777777777777,178.2711111111111,12.582026924645959,35.665831342152806,46.752141733201235,34.319517492970206,100,95,40/1044,0/512,-,-,-
0,0,9,45.74,135.86777777777777,177.5377777777778,12.098994217757578,35.93929728274825,46.96170849949417,34.89093022058939,100,95,40/1044,0/512,-,-,-
0,0,10,44.56666666666667,136.61777777777777,178.8411111111111,11.759813346583423,36.04935452112967,47.19083213228691,34.987193592461274,100,95,40/1044,0/512,-,-,-
0,0,11,43.88,135.70111111111112,179.64888888888888,11.60426467722629,35.88677325266697,47.50896207010673,35.48405985754703,100,95,40/1044,0/512,-,-,-
0,0,12,43.452222222222225,135.4477777777778,179.32888888888888,11.523250187651596,35.91988052331533,47.55686928903309,36.38992829364809,100,95,40/1044,0/512,-,-,-
0,1,2,49.352222222222224,135.2488888888889,175.06444444444443,13.035613332138809,35.723866925755104,46.24051974210609,33.92084348287707,100,95,40/1044,0/512,-,-,-
0,1,3,49.79666666666667,136.01666666666668,176.3011111111111,13.064055869384449,35.68370036483248,46.25224376578307,33.9750399432166,100,95,40/1044,0/512,-,-,-
0,1,4,48.577777777777776,135.33,176.2588888888889,12.813203763689648,35.69555761221657,46.49123862409378,34.473707393420476,100,95,40/1044,0/512,-,-,-
0,1,5,48.163333333333334,135.66222222222223,177.53222222222223,12.662012409984566,35.66523789903513,46.67274969098032,34.547493538448634,100,95,40/1044,0/512,-,-,-
0,1,6,47.17888888888889,135.38666666666666,177.36,12.452559634245354,35.734426563517765,46.81301380223689,34.419248382674255,100,95,40/1044,0/512,-,-,-
0,1,7,47.71333333333333,136.0822222222222,178.0588888888889,12.52649162186146,35.72655057742677,46.74695780071177,34.55013658090007,100,95,40/1044,0/512,-,-,-
0,1,8,44.81777777777778,137.03333333333333,178.30666666666667,11.821732450592641,36.1457324259121,47.03253512349526,34.77761333343184,100,95,40/1044,0/512,-,-,-
0,1,9,44.18555555555555,136.62444444444444,178.54888888888888,11.68087922009257,36.11799408205353,47.20112669785389,35.34797591944524,100,95,40/1044,0/512,-,-,-
0,1,10,42.89222222222222,135.05555555555554,177.87666666666667,11.451605348455232,36.05788747259884,47.490507178945926,35.9356570886336,100,95,40/1044,0/512,-,-,-
0,1,11,43.95666666666666,135.92666666666668,179.82333333333332,11.609135221291423,35.89878790125288,47.49207687745571,35.861861229161995,100,95,40/1044,0/512,-,-,-
0,1,12,43.714444444444446,135.82333333333332,179.58555555555554,11.563916450863367,35.92976414787862,47.506319401258,36.619379743731585,100,95,40/1044,0/512,-,-,-
0,2,0,50.74777777777778,134.9188888888889,175.36666666666667,13.353445357461608,35.50169267226788,46.144861970270526,33.88521531618562,100,95,40/1044,0/512,-,-,-
0,2,1,49.22555555555556,134.80666666666667,175.11333333333334,13.020981898394647,35.65861566495788,46.32040243664748,34.457659915107925,100,95,40/1044,0/512,-,-,-
0,2,2,49.95333333333333,134.5588888888889,175.2277777777778,13.191656937417765,35.53425931073677,46.27408375184547,34.53105009026382,100,95,40/1044,0/512,-,-,-
0,2,3,49.306666666666665,134.6588888888889,175.65444444444444,13.025230335724746,35.572533353107296,46.40223631116796,34.96145191853793,100,95,40/1044,0/512,-,-,-
0,2,4,48.85888888888889,135.7588888888889,176.42666666666668,12.856019572844216,35.721625530867236,46.422354896288546,34.70319727641353,100,95,40/1044,0/512,-,-,-
0,2,5,47.86333333333334,135.58777777777777,176.89444444444445,12.61848965961685,35.74579647313844,46.63571386724471,34.88013729059775,100,95,40/1044,0/512,-,-,-
0,2,6,46.88777777777778,135.97555555555556,177.57444444444445,12.358135477228307,35.838856452338824,46.80300807043287,34.65859529490138,100,95,40/1044,0/512,-,-,-
0,2,7,45.66777777777778,135.16222222222223,177.07777777777778,12.121666971938767,35.87631202327104,47.00202100479018,34.91410838435621,100,95,40/1044,0/512,-,-,-
0,2,8,45.05777777777778,135.49555555555557,178.07888888888888,11.935594806192665,35.89213957969942,47.17226561410792,34.933092069764356,100,95,40/1044,0/512,-,-,-
0,2,9,44.43222222222222,136.0011111111111,178.98333333333332,11.744199706314244,35.94743024963289,47.30837004405286,35.75954318163258,100,95,40/1044,0/512,-,-,-
0,2,10,43.5,135.76222222222222,178.72444444444446,11.54372602331558,36.02762983103033,47.4286441456541,35.97001678537563,100,95,40/1044,0/512,-,-,-
0,2,11,43.595555555555556,135.57777777777778,179.50222222222223,11.546863770414614,35.9095809273624,47.543555302223,36.17278979474656,100,95,40/1044,0/512,-,-,-
0,2,12,44.25222222222222,136.30444444444444,180.3388888888889,11.648691834510446,35.879971429099214,47.471336736390334,36.56975938444082,100,95,40/1044,0/512,-,-,-
0,2,13,43.47666666666667,135.6588888888889,179.90222222222224,11.503756955318844,35.8948145351464,47.60142850953474,37.170322630400975,100,95,40/1044,0/512,-,-,-
0,2,14,44.263333333333335,136.2511111111111,180.57666666666665,11.645306509283593,35.84650842200491,47.5081850687115,14.00742736687442,100,95,40/1044,0/512,-,-,-
0,3,0,49.94888888888889,135.0911111111111,175.40444444444444,13.164704069050556,35.60508631319359,46.23020961775586,8.433943015311534,100,95,40/1044,0/512,-,-,-
0,3,1,47.99111111111111,134.11888888888888,174.53222222222223,12.78355525923895,35.72570394232626,46.490740798434786,35.463511190507376,100,95,40/1044,0/512,-,-,-
0,3,2,48.81333333333333,134.84555555555556,175.54333333333332,12.909905283931678,35.66327540661096,46.426819309457386,35.016745005354764,100,95,40/1044,0/512,-,-,-
0,3,3,48.66888888888889,134.4088888888889,176.24555555555557,12.867364892653164,35.53580650049012,46.59682860685671,35.15143167066237,100,95,40/1044,0/512,-,-,-
0,3,4,48.08,134.2277777777778,176.32111111111112,12.736285730219414,35.55664165370578,46.7070726160748,35.40885250219619,100,95,40/1044,0/512,-,-,-
0,3,5,47.57111111111111,134.13555555555556,175.98333333333332,12.634559410538612,35.62547954311773,46.73996104634367,35.489682351198155,100,95,40/1044,0/512,-,-,-
0,3,6,46.57,135.6611111111111,177.50555555555556,12.298301535382363,35.8256656875554,46.87603277706223,35.146482141657316,100,95,40/1044,0/512,-,-,-
0,3,7,46.06777777777778,135.0511111111111,176.92111111111112,12.223323899253964,35.833581598579926,46.943094502166126,35.417666468551275,100,95,40/1044,0/512,-,-,-
0,3,8,45.026666666666664,135.14444444444445,177.27777777777777,11.966839081888942,35.917644791485344,47.11551612662572,35.401626792123686,100,95,40/1044,0/512,-,-,-
0,3,9,44.18888888888889,136.42777777777778,178.8011111111111,11.679846418281418,36.06009410280824,47.260059478910335,35.74895444608135,100,95,40/1044,0/512,-,-,-
0,3,10,44.07888888888889,135.9411111111111,179.34222222222223,11.652572767804692,35.93701495859949,47.41041227359582,35.85236997194706,100,95,40/1044,0/512,-,-,-
0,3,11,43.474444444444444,135.33777777777777,179.43333333333334,11.528607007608066,35.88903948564145,47.58235350675049,36.207450841291845,100,95,40/1044,0/512,-,-,-
0,3,12,43.87555555555556,135.7211111111111,180.22666666666666,11.583956324245541,35.83287786290185,47.583165812852606,36.57353597357631,100,95,40/1044,0/512,-,-,-
0,3,13,43.81111111111111,135.67222222222222,180.60777777777778,11.55834017316605,35.793333168765926,47.64832665806802,36.91339679400133,100,95,40/1044,0/512,-,-,-
0,3,14,44.53333333333333,136.8188888888889,181.07888888888888,11.673022919298074,35.862799980379414,47.464177100322516,36.93675133241971,100,95,40/1044,0/512,-,-,-
0,4,0,48.26222222222222,134.07555555555555,174.7277777777778,12.840530372573975,35.671818744768316,46.48765088265772,35.330056841849334,100,95,40/1044,0/512,-,-,-
0,4,1,49.154444444444444,135.04777777777778,175.54444444444445,12.9804461164029,35.66270400158136,46.35684988201574,35.459172975247064,100,95,40/1044,0/512,-,-,-
0,4,2,48.10444444444445,134.28222222222223,175.35555555555555,12.774344034189733,35.65922700392586,46.566428961884405,35.84885431936535,100,95,40/1044,0/512,-,-,-
0,4,3,49.09222222222222,134.33333333333334,176.72333333333333,12.949536302887077,35.43441909827418,46.616044598838755,35.777245897159375,100,95,40/1044,0/512,-,-,-
0,4,4,47.675555555555555,135.22,176.6911111111111,12.595510895225383,35.72407208276169,46.680417022012925,36.00302280230817,100,95,40/1044,0/512,-,-,-
0,4,5,46.91777777777778,134.98222222222222,176.21777777777777,12.446153655222057,35.80752452638176,46.74632181839618,35.923761807283164,100,95,40/1044,0/512,-,-,-
0,4,6,47.05888888888889,134.87333333333333,176.88,12.459426317077023,35.709393028232036,46.83118065469094,35.86081958972995,100,95,40/1044,0/512,-,-,-
0,4,7,46.10888888888889,134.31222222222223,176.28666666666666,12.279924120895725,35.77062768465941,46.949448194444884,36.17628462713821,100,95,40/1044,0/512,-,-,-
0,4,8,45.28333333333333,135.35,177.24444444444444,12.020630879567822,35.92916576112267,47.050203359309506,36.123914272579256,100,95,40/1044,0/512,-,-,-
0,4,9,43.67777777777778,134.96666666666667,178.91666666666666,11.60469849753733,35.859138298037635,47.53616320442504,36.314531704938126,100,95,40/1044,0/512,-,-,-
0,4,10,43.44888888888889,135.63444444444445,179.0911111111111,11.52411767078115,35.97485086410408,47.50103146511476,36.28791070850133,100,95,40/1044,0/512,-,-,-
0,4,11,43.79666666666667,135.70111111111112,179.54333333333332,11.588320124281651,35.905653020236,47.50602685548235,36.44798148184552,100,95,40/1044,0/512,-,-,-
0,4,12,43.45111111111111,135.23666666666668,179.7188888888889,11.517239882690674,35.84610591320846,47.636654204100864,36.7540507739692,100,95,40/1044,0/512,-,-,-
0,4,13,43.82222222222222,135.37555555555556,180.5088888888889,11.573627894333654,35.75323720562434,47.67313490004201,36.78654026400044,100,95,40/1044,0/512,-,-,-
0,4,14,44.556666666666665,136.54666666666665,181.13888888888889,11.685229036433572,35.81010864430798,47.50466231925845,36.58169333667063,100,95,40/1044,0/512,-,-,-
0,5,0,48.36222222222222,134.05444444444444,174.48666666666668,12.872984592778002,35.68241322736004,46.44460217986197,35.34915281994015,100,95,40/1044,0/512,-,-,-
0,5,1,48.245555555555555,134.20222222222222,174.54222222222222,12.838812789651747,35.713076307770834,46.44811090257741,35.74861748214096,100,95,40/1044,0/512,-,-,-
0,5,2,47.54888888888889,133.7711111111111,174.15,12.707526498563718,35.75057123120251,46.54190227023378,36.10435043047463,100,95,40/1044,0/512,-,-,-
0,5,3,47.74666666666667,134.03555555555556,174.4777777777778,12.73208705252718,35.74181153589451,46.52610141157831,36.256614332953085,100,95,40/1044,0/512,-,-,-
0,5,4,46.913333333333334,134.47222222222223,175.38555555555556,12.491949397995603,35.80688209683146,46.70116850517294,36.41092936506419,100,95,40/1044,0/512,-,-,-
0,5,5,47.12444444444444,135.28555555555556,176.85777777777778,12.46096226584318,35.77311568900944,46.765922045147384,36.00564617845891,100,95,40/1044,0/512,-,-,-
0,5,6,46.67666666666667,135.04666666666665,176.95444444444445,12.362860506180107,35.76868746321365,46.86845203060624,36.03447469239158,100,95,40/1044,0/512,-,-,-
0,5,7,46.403333333333336,135.31777777777776,177.29777777777778,12.278787559924114,35.80644162950262,46.91477081057326,36.11978015223436,100,95,40/1044,0/512,-,-,-
0,5,8,44.80888888888889,133.2588888888889,176.9622222222222,11.990097863404346,35.65781608439976,47.35208605219591,36.57364270012648,100,95,40/1044,0/512,-,-,-
0,5,9,44.12555555555556,134.90555555555557,178.43777777777777,11.726692610390337,35.85214874954153,47.42115864006813,36.37380918568352,100,95,40/1044,0/512,-,-,-
0,5,10,42.90222222222222,134.88555555555556,177.98111111111112,11.456063861682988,36.018123500899456,47.525812637417545,36.3819777245515,100,95,40/1044,0/512,-,-,-
0,5,11,43.57888888888889,135.60333333333332,179.48666666666668,11.54266392401534,35.91701724276801,47.540318833216645,36.29001022001993,100,95,40/1044,0/512,-,-,-
0,5,12,43.34111111111111,135.64333333333335,179.54,11.484309143650517,35.942086701046264,47.573604155303215,36.49466413748663,100,95,40/1044,0/512,-,-,-
0,5,13,42.84444444444444,135.30555555555554,179.57222222222222,11.378164311228453,35.932986488585186,47.68884920018637,36.512384072748745,100,95,40/1044,0/512,-,-,-
0,5,14,44.11666666666667,135.73222222222222,180.54666666666665,11.629120472567177,35.77891267619528,47.591966851237515,36.225629449850295,100,95,40/1044,0/512,-,-,-
0,6,0,47.11,133.96666666666667,173.90777777777777,12.607453847742939,35.85180571292639,46.540740439330676,35.658770346174045,100,95,40/1044,0/512,-,-,-
0,6,1,46.48888888888889,133.76444444444445,173.92555555555555,12.469530463262444,35.879106917094624,46.65136261964293,36.280009895970935,100,95,40/1044,0/512,-,-,-
0,6,2,47.06333333333333,133.42,173.61444444444444,12.62650303745356,35.79491540315293,46.57858155939352,36.631982514100415,100,95,40/1044,0/512,-,-,-
0,6,3,45.58444444444444,133.38888888888889,173.51,12.285750311283433,35.950478352010336,46.76377133670622,36.74298207918461,100,95,40/1044,0/512,-,-,-
0,6,4,45.45666666666666,133.8411111111111,174.78666666666666,12.195913718008258,35.90924638190513,46.89483990008661,36.804345759992295,100,95,40/1044,0/512,-,-,-
0,6,5,44.65555555555556,133.17333333333335,174.69,12.034185717392607,35.88876246190118,47.07705182070622,36.98778868116706,100,95,40/1044,0/512,-,-,-
0,6,6,44.397777777777776,133.9088888888889,175.70222222222222,11.914358710390196,35.93509893034701,47.15054235926279,36.86060972106326,100,95,40/1044,0/512,-,-,-
0,6,7,44.64111111111111,135.0988888888889,177.29777777777778,11.878030336036645,35.94688081559997,47.17508884836338,36.565952285274676,100,95,40/1044,0/512,-,-,-
0,6,8,45.30777777777778,132.9488888888889,176.5811111111111,12.130159634762677,35.59413691389492,47.275703451342395,36.927498481569316,100,95,40/1044,0/512,-,-,-
0,6,9,43.19555555555556,133.8711111111111,177.61555555555555,11.569730650911302,35.856760668391736,47.57350868069696,36.98052319960101,100,95,40/1044,0/512,-,-,-
0,6,10,42.67666666666667,134.17222222222222,177.13888888888889,11.453173210625604,36.007913016456946,47.53891377291746,37.02134307410672,100,95,40/1044,0/512,-,-,-
0,6,11,43.47555555555556,134.8788888888889,178.91555555555556,11.560382281685499,35.86501649857095,47.57460121974355,36.638525415400274,100,95,40/1044,0/512,-,-,-
0,6,12,43.27777777777778,135.14,179.35444444444445,11.491638068914114,35.88400441000636,47.62435752107952,36.7271051210011,100,95,40/1044,0/512,-,-,-
0,6,13,42.27333333333333,133.65777777777777,179.14222222222222,11.310245770826683,35.76018725396318,47.92956697521013,36.96628689662184,100,95,40/1044,0/512,-,-,-
0,6,14,42.86555555555555,134.77777777777777,178.79111111111112,11.424899701051462,35.922142454121214,47.65295784482732,36.39704755211487,100,95,40/1044,0/512,-,-,-
0,7,2,44.92666666666667,133.46555555555557,172.9922222222222,12.146335447721077,36.08363425940565,46.77003029287326,36.877794973768516,100,95,40/1044,0/512,-,-,-
0,7,3,45.53777777777778,133.67222222222222,173.77444444444444,12.255749387760241,35.975696127622875,46.768554484616885,36.65801519043694,100,95,40/1044,0/512,-,-,-
0,7,4,45.324444444444445,134.11555555555555,174.5611111111111,12.163301433454386,35.99134968189052,46.8453488846551,36.880903900287315,100,95,40/1044,0/512,-,-,-
0,7,5,44.035555555555554,133.96,175.7488888888889,11.825988629581932,35.97568866413293,47.19832270628514,37.17174049622891,100,95,40/1044,0/512,-,-,-
0,7,6,43.49666666666667,134.2577777777778,176.22333333333333,11.673567078912678,36.031891518613854,47.29454140247348,37.103365895794234,100,95,40/1044,0/512,-,-,-
0,7,7,42.12555555555556,133.69222222222223,176.62,11.354990951909556,36.036889096262854,47.60811995182759,37.37009714177526,100,95,40/1044,0/512,-,-,-
0,7,8,42.89333333333333,133.76777777777778,177.4311111111111,11.507924803017419,35.88878289711093,47.60329229987166,37.16493445634328,100,95,40/1044,0/512,-,-,-
0,7,9,42.745555555555555,133.4311111111111,177.54222222222222,11.480381470533725,35.83624158543979,47.683376944026485,37.22289208875856,100,95,40/1044,0/512,-,-,-
0,7,10,42.38666666666666,134.03555555555556,177.91666666666666,11.3640739405152,35.935592104231674,47.70033395525313,37.134757841699354,100,95,40/1044,0/512,-,-,-
0,7,11,41.995555555555555,133.6677777777778,177.76333333333332,11.288276052866538,35.929487179487175,47.782236767646275,37.2306259392746,100,95,40/1044,0/512,-,-,-
0,7,12,42.08,133.91555555555556,178.1611111111111,11.287659886867395,35.921892696578105,47.790447416554514,37.24284760457673,100,95,40/1044,0/512,-,-,-
0,8,2,45.46111111111111,132.98222222222222,173.17777777777778,12.2825547701282,35.928761703727815,46.78868352614399,36.46572351130478,100,95,40/1044,0/512,-,-,-
0,8,3,44.88,133.21666666666667,173.86222222222221,12.113914819596987,35.95756133134236,46.92852384906065,36.336037164893796,100,95,40/1044,0/512,-,-,-
0,8,4,44.455555555555556,131.60888888888888,173.10777777777778,12.095113840670793,35.80709933016181,47.0977868291674,37.09401234458117,100,95,40/1044,0/512,-,-,-
0,8,5,45.156666666666666,132.41333333333333,174.23555555555555,12.193904461113306,35.75630477694433,47.04979076194236,37.00196917562694,100,95,40/1044,0/512,-,-,-
0,8,6,43.32222222222222,132.7811111111111,174.85444444444445,11.726798411964719,35.94223110092382,47.33097048711146,37.28142403102471,100,95,40/1044,0/512,-,-,-
0,8,7,43.70666666666666,132.58444444444444,175.82555555555555,11.791925024849716,35.77087770783042,47.43719726731985,37.384601238700355,100,95,40/1044,0/512,-,-,-
0,8,8,41.757777777777775,132.86222222222221,176.04666666666665,11.312705956907477,35.994043092522176,47.69325095057034,37.34181600775349,100,95,40/1044,0/512,-,-,-
0,8,9,41.72,132.16666666666666,176.43333333333334,11.313656085864354,35.841040572429016,47.84530334170663,37.44747858213146,100,95,40/1044,0/512,-,-,-
0,8,10,41.26,132.72666666666666,177.09444444444443,11.164656473812634,35.91487247328094,47.920471052906414,37.24419379449292,100,95,40/1044,0/512,-,-,-
0,8,11,41.44222222222222,132.31,177.02333333333334,11.223732807936699,35.83331221610527,47.94295497595804,37.26552769469734,100,95,40/1044,0/512,-,-,-
0,8,12,42.583333333333336,133.88111111111112,177.89666666666668,11.416085286509366,35.89193384024457,47.69198087324606,36.86742436248367,100,95,40/1044,0/512,-,-,-
0,loc0,-,52.38325729022019,134.82463796865702,174.84030946240824,13.745157074875964,35.377445434048276,45.877397491075754,34.87628586476489,100,95,-,-,112.26717767482899,80.41436115793496,1.3961085564596432
0,loc1,-,43.75560404681611,135.56040468161078,179.77048204721285,11.5759921111728,35.86389010885808,47.56011777996912,37.569233443329544,100,95,-,-,91.25770074404193,65.3657627996064,1.3961085564596432
0,loc2,-,45.85141836937115,132.58024201547312,172.65046617734578,12.40702506773345,35.87514726198649,46.71782767028006,37.326554336395546,100,95,-,-,111.30406598795899,79.72450671759522,1.3961085564596432
0,loc3,-,42.39853203729419,133.86887522317,179.00555445348144,11.337368664677758,35.79654101693477,47.86609031838748,37.100995451081104,100,95,-,-,96.42470790498133,69.06676952793867,1.3961085564596432
3,0,2,52.08444444444444,135.93333333333334,173.99333333333334,12.948773825235566,33.79454283171173,43.2566833430527,33.132929243631786,95,90,32/1044,0/512,-,-,-
3,0,3,49.553333333333335,135.59,175.81666666666666,12.355385638297872,33.80734707446808,43.83726728723404,33.08863526823066,95,90,32/1044,0/512,-,-,-
3,0,4,49.242222222222225,135.2788888888889,175.86222222222221,12.297461036858902,33.7837487860149,43.91879017712621,33.55848006959344,95,90,32/1044,0/512,-,-,-
3,0,5,48.76222222222222,136.13333333333333,176.67888888888888,12.137472842537422,33.8851381458252,43.97738901163738,33.92683369689709,95,90,32/1044,0/512,-,-,-
3,0,6,47.864444444444445,136.15777777777777,176.85444444444445,11.937042202783962,33.956753461478066,44.10620433573797,33.92241205018493,95,90,32/1044,0/512,-,-,-
3,0,7,47.87777777777778,135.72,177.74777777777777,11.924873389891488,33.803653627952315,44.271472982156205,34.47708464202365,95,90,32/1044,0/512,-,-,-
3,0,8,47.57888888888889,135.98888888888888,178.10222222222222,11.839798711532614,33.84024110376863,44.319960184698765,34.56870576195382,95,90,32/1044,0/512,-,-,-
3,0,9,44.51444444444444,135.7722222222222,177.52555555555554,11.19665498042114,34.15059419745304,44.65275082212582,35.22482297436036,95,90,32/1044,0/512,-,-,-
3,0,10,44.17888888888889,136.3,179.16222222222223,11.055743843399439,34.109003729026156,44.8352524275744,35.28297845610479,95,90,32/1044,0/512,-,-,-
3,0,11,43.818888888888885,135.7,179.54,10.98343509111783,34.013919103334956,45.002645805547225,35.69645002453635,95,90,32/1044,0/512,-,-,-
3,0,12,43.513333333333335,135.51333333333332,179.40666666666667,10.925881149446669,34.02641123407422,45.04770761647913,36.51056989585983,95,90,32/1044,0/512,-,-,-
3,1,2,51.01777777777778,135.00444444444443,175.13,12.713752588166887,33.64343136319865,43.642816048634465,34.05185726119996,95,90,32/1044,0/512,-,-,-
3,1,3,50.544444444444444,136.18777777777777,176.42333333333335,12.526312568841023,33.75110145637009,43.72258597478889,33.61693723529008,95,90,32/1044,0/512,-,-,-
3,1,4,47.80888888888889,135.9311111111111,176.26,11.952222222222222,33.98277777777778,44.065,33.991006491428486,95,90,32/1044,0/512,-,-,-
3,1,5,47.861111111111114,136.00222222222223,177.01555555555555,11.936137392969632,33.91775018396446,44.1461124230659,34.09696945711531,95,90,32/1044,0/512,-,-,-
3,1,6,47.38777777777778,135.27333333333334,177.32555555555555,11.847383236416164,33.81958591058928,44.333030852994554,34.510922100886134,95,90,32/1044,0/512,-,-,-
3,1,7,47.94555555555556,135.90555555555557,178.02555555555554,11.924228328251798,33.80018975157282,44.27558192017538,34.86661363830463,95,90,32/1044,0/512,-,-,-
3,1,8,45.20666666666666,136.22222222222223,179.46,11.273830049261083,33.97167487684729,44.754495073891626,35.0562645189603,95,90,32/1044,0/512,-,-,-
3,1,9,44.18888888888889,136.43,178.75444444444443,11.06648610544281,34.16697584684451,44.766538047712686,35.45516140226936,95,90,32/1044,0/512,-,-,-
3,1,10,43.14888888888889,134.59,178.78,10.8925504959999,33.97603991685028,45.13140958714982,36.05335551999304,95,90,32/1044,0/512,-,-,-
3,1,11,43.843333333333334,135.79,179.82888888888888,10.977231419775222,33.99828756537544,45.02448101484935,36.05417518660255,95,90,32/1044,0/512,-,-,-
3,1,12,43.776666666666664,135.72333333333333,179.71555555555557,10.968066218364708,34.0049304966996,45.027003284935695,36.69226672453615,95,90,32/1044,0/512,-,-,-
3,2,0,50.89666666666667,135.01,175.6811111111111,12.66829323754183,33.60428849303534,43.72741826942282,33.996031946145386,95,90,32/1044,0/512,-,-,-
3,2,1,49.05222222222222,134.77666666666667,175.57444444444445,12.283414177201102,33.7501043395999,43.96648148319901,34.34462231873509,95,90,32/1044,0/512,-,-,-
3,2,2,49.483333333333334,134.82666666666665,175.37222222222223,12.38176291417733,33.736446369326,43.88179071649666,34.94705658600706,95,90,32/1044,0/512,-,-,-
3,2,3,48.99,134.77555555555554,175.65222222222224,12.267339771729587,33.74846974736919,43.98419048090121,34.72481231198788,95,90,32/1044,0/512,-,-,-
3,2,4,48.67888888888889,135.77333333333334,176.8188888888889,12.126903771867234,33.823905715621386,44.04919051251137,34.67128923001114,95,90,32/1044,0/512,-,-,-
3,2,5,48.58555555555556,135.90222222222224,176.77555555555554,12.103913119700312,33.85674346506242,44.03934341523726,34.44118972337277,95,90,32/1044,0/512,-,-,-
3,2,6,47.38333333333333,135.87777777777777,177.79111111111112,11.811310767602102,33.87044656513216,44.31824266726574,34.73444879472289,95,90,32/1044,0/512,-,-,-
3,2,7,45.95,134.96333333333334,176.95888888888888,11.555800487448964,33.94144402875017,44.502755483800854,35.513135930102095,95,90,32/1044,0/512,-,-,-
3,2,8,45.00888888888889,135.76666666666668,177.56444444444443,11.304347826086955,34.098900485572365,44.596751688340674,35.44630023008222,95,90,32/1044,0/512,-,-,-
3,2,9,44.19,136.5311111111111,178.03222222222223,11.085890026573503,34.25138906955568,44.66272090387081,35.71266376722641,95,90,32/1044,0/512,-,-,-
3,2,10,44.03777777777778,135.94555555555556,178.0811111111111,11.068957170962397,34.170105939961154,44.760936889076454,36.100278250300626,95,90,32/1044,0/512,-,-,-
3,2,11,43.565555555555555,135.7811111111111,179.11444444444444,10.938146087441686,34.09100630782821,44.97084760473009,36.34602981913551,95,90,32/1044,0/512,-,-,-
3,2,12,44.28111111111111,136.22555555555556,180.25555555555556,11.04688837831012,33.98443419180377,44.9686774298861,36.75861718165361,95,90,32/1044,0/512,-,-,-
3,2,13,43.906666666666666,135.86444444444444,179.85777777777778,10.987993796073729,34.0011616913732,45.01084451255306,37.43635805409856,95,90,32/1044,0/512,-,-,-
3,2,14,44.196666666666665,136.4611111111111,180.3188888888889,11.019271790420433,34.022974707506485,44.957753502073075,37.64068989309897,95,90,32/1044,0/512,-,-,-
3,3,0,50.14,135.12777777777777,175.63333333333333,12.503702152944328,33.69759644839614,43.798701398659524,34.778164970086216,95,90,32/1044,0/512,-,-,-
3,3,1,48.03111111111111,134.65,174.79444444444445,12.092575094489753,33.900220061667,44.00720484384325,35.255563971905566,95,90,32/1044,0/512,-,-,-
3,3,2,49.22222222222222,135.36777777777777,175.31555555555556,12.308784712038653,33.8508250621305,43.84039022583085,34.99137572525202,95,90,32/1044,0/512,-,-,-
3,3,3,48.41444444444444,134.8022222222222,175.60555555555555,12.143339319997523,33.81117235399765,44.045488326004836,35.20249220986766,95,90,32/1044,0/512,-,-,-
3,3,4,47.88666666666666,134.5077777777778,175.89444444444445,12.028840786454133,33.787539539787886,44.18361967375799,35.46894430017209,95,90,32/1044,0/512,-,-,-
3,3,5,46.26777777777778,134.60222222222222,175.89666666666668,11.671774268896572,33.95552648790059,44.37269924320284,35.489147943201026,95,90,32/1044,0/512,-,-,-
3,3,6,46.92,135.61,177.50333333333333,11.728913989445422,33.89936117026201,44.37172484029256,35.30794206836153,95,90,32/1044,0/512,-,-,-
3,3,7,46.19777777777778,135.18,177.11222222222221,11.598091996987364,33.93734832212893,44.46455968088371,35.34149974066473,95,90,32/1044,0/512,-,-,-
3,3,8,44.41222222222222,134.87333333333333,178.65222222222224,11.167024684613091,33.91259809277838,44.92037722260853,35.617537834635165,95,90,32/1044,0/512,-,-,-
3,3,9,44.663333333333334,136.55,178.05444444444444,11.188590373630317,34.20707550233345,44.604334124036235,35.85282327420644,95,90,32/1044,0/512,-,-,-
3,3,10,43.803333333333335,135.67555555555555,179.33555555555554,10.98701588255149,34.030959982411204,44.98202413503729,36.23400598395152,95,90,32/1044,0/512,-,-,-
3,3,11,43.66888888888889,135.65222222222224,179.56666666666666,10.951055576023453,34.01815485496859,45.03078956900795,36.29794969249233,95,90,32/1044,0/512,-,-,-
3,3,12,43.681111111111115,135.76444444444445,179.78,10.943820502748197,34.014283814254746,45.041895682997065,36.80070895684986,95,90,32/1044,0/512,-,-,-
3,3,13,44.16555555555556,136.22222222222223,180.2,11.023390821775559,34.000043139442084,44.97656603878236,36.8615986760815,95,90,32/1044,0/512,-,-,-
3,3,14,43.96,137.27444444444444,181.0288888888889,10.921337148851205,34.104196762944085,44.974466088204714,37.2706685410784,95,90,32/1044,0/512,-,-,-
3,4,0,48.687777777777775,134.46666666666667,174.93,12.237057677270414,33.79649741215604,43.96644491057355,35.647099896019945,95,90,32/1044,0/512,-,-,-
3,4,1,48.42666666666667,134.73111111111112,175.64,12.147232424330634,33.79563852123449,44.05712905443486,35.75616095680803,95,90,32/1044,0/512,-,-,-
3,4,2,48.67333333333333,134.37333333333333,174.92555555555555,12.237262357414448,33.783626910840376,43.97911073174516,35.69291962155215,95,90,32/1044,0/512,-,-,-
3,4,3,48.64,134.86333333333334,175.9088888888889,12.179886295834866,33.77097174089795,44.04914196326719,35.741657967805054,95,90,32/1044,0/512,-,-,-
3,4,4,48.053333333333335,135.25444444444443,175.9622222222222,12.037743201491914,33.882316920421964,44.079939878086115,35.882550879248164,95,90,32/1044,0/512,-,-,-
3,4,5,47.193333333333335,134.6822222222222,176.74777777777777,11.84362422969318,33.79980852705252,44.3565672432543,36.0055065479607,95,90,32/1044,0/512,-,-,-
3,4,6,45.89666666666667,135.24777777777777,177.10111111111112,11.530359374854616,33.977532480824756,44.492108144320625,35.891559805392355,95,90,32/1044,0/512,-,-,-
3,4,7,46.077777777777776,134.4011111111111,176.51666666666668,11.616391115980276,33.883054877745124,44.500554006274584,36.128358096164334,95,90,32/1044,0/512,-,-,-
3,4,8,45.10888888888889,135.07777777777778,178.13111111111112,11.330166270783847,33.927984470643686,44.741849258572465,36.03650458575469,95,90,32/1044,0/512,-,-,-
3,4,9,43.68333333333333,135.17444444444445,178.28555555555556,11.00818532241957,34.06391458144722,44.92790009613321,36.57159333448677,95,90,32/1044,0/512,-,-,-
3,4,10,43.66777777777778,135.18555555555557,179.3,10.97323306591218,33.97064571971037,45.056121214377455,36.46164852215007,95,90,32/1044,0/512,-,-,-
3,4,11,43.56666666666667,135.56555555555556,179.46777777777777,10.934188510875629,34.02370329057446,45.04210819854991,36.502219131967564,95,90,32/1044,0/512,-,-,-
3,4,12,43.425555555555555,135.32444444444445,179.46444444444444,10.91050363996737,33.999745652045796,45.08975070798684,36.92428225843371,95,90,32/1044,0/512,-,-,-
3,4,13,43.52111111111111,135.82666666666665,180.10222222222222,10.896925858951175,34.00862428710529,45.09444985394352,36.81811206886684,95,90,32/1044,0/512,-,-,-
3,4,14,44.95,136.79444444444445,181.13222222222223,11.148415898882082,33.927505212974104,44.92407888814381,36.63572806746048,95,90,32/1044,0/512,-,-,-
3,5,0,47.99444444444445,134.15555555555557,174.48444444444445,12.111841879795994,33.85539503568859,44.03276308451542,35.494723535073845,95,90,32/1044,0/512,-,-,-
3,5,1,48.25888888888889,134.15777777777777,174.36111111111111,12.173684210526318,33.84235440672688,43.98396138274681,35.89383573678392,95,90,32/1044,0/512,-,-,-
3,5,2,47.602222222222224,133.93666666666667,174.04333333333332,12.048408869334802,33.900176236782244,44.05141489388296,36.07849035311942,95,90,32/1044,0/512,-,-,-
3,5,3,47.82111111111111,133.9111111111111,174.82555555555555,12.070694479934682,33.80097350593015,44.12833201413515,36.1907599567845,95,90,32/1044,0/512,-,-,-
3,5,4,46.16444444444444,134.5288888888889,175.73555555555555,11.656743124699956,33.96918818152913,44.37406869377093,36.35238947018669,95,90,32/1044,0/512,-,-,-
3,5,5,47.02333333333333,135.19222222222223,176.9111111111111,11.784421466891905,33.88024652397483,44.33533200913327,36.12453983356877,95,90,32/1044,0/512,-,-,-
3,5,6,45.6,135.31666666666666,177.04555555555555,11.464896978576263,34.021746553019256,44.513356468404496,36.12673325781931,95,90,32/1044,0/512,-,-,-
3,5,7,45.90555555555556,135.06,177.47555555555556,11.526300616558741,33.91184666937386,44.56185271406739,36.29521276474597,95,90,32/1044,0/512,-,-,-
3,5,8,43.044444444444444,133.86666666666667,176.3022222222222,10.967875882375147,34.10969763315843,44.92242648446642,36.535434034199305,95,90,32/1044,0/512,-,-,-
3,5,9,43.85444444444445,134.2877777777778,178.71333333333334,11.060217330385775,33.867764735186974,45.072017934427244,36.66730448182436,95,90,32/1044,0/512,-,-,-
3,5,10,42.94777777777778,134.64444444444445,178.78222222222223,10.846176150553259,34.00356054960918,45.15026329983756,36.55704437621643,95,90,32/1044,0/512,-,-,-
3,5,11,43.81444444444445,135.77666666666667,179.70555555555555,10.975053113026378,34.01061332789061,45.014333559083035,36.36114464763613,95,90,32/1044,0/512,-,-,-
3,5,12,43.57333333333333,135.46,179.55666666666667,10.936166652723164,33.99815945787668,45.065673889400145,36.57520305583353,95,90,32/1044,0/512,-,-,-
3,5,13,43.47666666666667,135.37555555555556,179.62333333333333,10.915388620950445,33.987812589111925,45.09679878993764,36.58993951296361,95,90,32/1044,0/512,-,-,-
3,5,14,43.88666666666666,135.66,180.2588888888889,10.977595923724234,33.9333281865205,45.08907588975527,36.42987837722389,95,90,32/1044,0/512,-,-,-
3,6,0,47.27444444444444,133.73777777777778,173.79,11.991751273009688,33.92425200894395,44.08399671804636,35.70026111671305,95,90,32/1044,0/512,-,-,-
3,6,1,46.617777777777775,133.69555555555556,174.06777777777776,11.839231461421006,33.95384128198456,44.20692725659444,36.47257544645219,95,90,32/1044,0/512,-,-,-
3,6,2,46.97666666666667,132.9777777777778,173.5822222222222,11.958872724187025,33.85221712033641,44.18891015547656,36.69358327823156,95,90,32/1044,0/512,-,-,-
3,6,3,45.556666666666665,133.50222222222223,173.40555555555557,11.632662711447647,34.089112219357034,44.278225069195315,36.735066122568824,95,90,32/1044,0/512,-,-,-
3,6,4,45.68555555555555,134.22444444444446,174.46444444444444,11.602698965626438,34.08880123660786,44.3084997977657,36.76335401519782,95,90,32/1044,0/512,-,-,-
3,6,5,44.306666666666665,133.10222222222222,174.76333333333332,11.32286917701251,34.0151756558502,44.66195516713729,37.20489079500477,95,90,32/1044,0/512,-,-,-
3,6,6,43.89333333333333,133.9688888888889,175.66666666666666,11.174192899527306,34.10527506788696,44.72053203258574,36.952783262008786,95,90,32/1044,0/512,-,-,-
3,6,7,44.52777777777778,134.98,176.70333333333335,11.25035091549955,34.10393337284382,44.64571571165664,36.70294175741057,95,90,32/1044,0/512,-,-,-
3,6,8,42.94888888888889,133.58333333333334,176.7488888888889,10.94142845011684,34.030973131248956,45.0275984186342,37.041717429629955,95,90,32/1044,0/512,-,-,-
3,6,9,43.474444444444444,134.44666666666666,176.98,11.02476120108575,34.09456781388243,44.88067098503183,37.1031747761347,95,90,32/1044,0/512,-,-,-
3,6,10,42.65222222222222,134.13777777777779,177.95222222222222,10.821097009409021,34.03147199218211,45.14743099840885,37.06429189230578,95,90,32/1044,0/512,-,-,-
3,6,11,43.57555555555555,135.17333333333335,179.32555555555555,10.95247108763851,33.97505794884366,45.07247096351782,36.637097311506956,95,90,32/1044,0/512,-,-,-
3,6,12,43.431111111111115,135.36333333333334,179.37333333333333,10.91332119335755,34.01394752924607,45.07273127739637,36.683292516050315,95,90,32/1044,0/512,-,-,-
3,6,13,41.92888888888889,133.73222222222222,178.82555555555555,10.645252289695899,33.95304007673067,45.40170763357343,37.0986041200564,95,90,32/1044,0/512,-,-,-
3,6,14,42.73777777777778,134.68444444444444,178.87555555555556,10.795464467923209,34.02098120174136,45.18355433033542,36.63989829667881,95,90,32/1044,0/512,-,-,-
3,7,2,45.57555555555555,133.45777777777778,173.53666666666666,11.634001758516039,34.06756105170604,44.298437189777914,36.80033027332513,95,90,32/1044,0/512,-,-,-
3,7,3,45.6,133.73888888888888,173.46777777777777,11.632433249560668,34.1164188129476,44.25114793749174,36.72789971782571,95,90,32/1044,0/512,-,-,-
3,7,4,45.42888888888889,134.04222222222222,174.60444444444445,11.547252940364267,34.07125911607064,44.38148794356509,37.11732429726422,95,90,32/1044,0/512,-,-,-
3,7,5,44.562222222222225,133.79888888888888,175.72333333333333,11.32667662453401,34.00855414276569,44.664769232700294,37.20644287773814,95,90,32/1044,0/512,-,-,-
3,7,6,44.55,134.09777777777776,175.97444444444446,11.306398044867775,34.032836195011896,44.66076576012031,37.17531353564627,95,90,32/1044,0/512,-,-,-
3,7,7,43.22,134.01555555555555,175.85555555555555,11.01642006155163,34.1594552240215,44.82412471442687,37.24258222425237,95,90,32/1044,0/512,-,-,-
3,7,8,42.34111111111111,133.7188888888889,177.48555555555555,10.77852610538953,34.04002627352754,45.18144762108293,37.23886609048259,95,90,32/1044,0/512,-,-,-
3,7,9,43.50555555555555,133.96666666666667,176.7577777777778,11.05355277644468,34.03720746407701,44.909239759478304,37.27198670698713,95,90,32/1044,0/512,-,-,-
3,7,10,42.71666666666667,133.98666666666668,178.11333333333334,10.835173094086146,33.986002160740284,45.17882474517356,37.16504225958265,95,90,32/1044,0/512,-,-,-
3,7,11,42.12222222222222,133.84777777777776,177.57222222222222,10.722905954970017,34.07315800721585,45.20393603781412,37.11053756447511,95,90,32/1044,0/512,-,-,-
3,7,12,41.95444444444444,133.71555555555557,178.22444444444446,10.669565626913233,34.00562000596536,45.32481436712139,37.17992559525622,95,90,32/1044,0/512,-,-,-
3,8,2,45.705555555555556,132.8488888888889,173.13555555555556,11.696380334954078,33.99698598197276,44.30663368307316,36.331268803978304,95,90,32/1044,0/512,-,-,-
3,8,3,45.01,133.47,173.46555555555557,11.51001891075324,34.13113139342891,44.35884969581785,36.18828195836582,95,90,32/1044,0/512,-,-,-
3,8,4,43.48444444444444,131.66333333333333,173.56333333333333,11.223043589089981,33.98142365536579,44.79553275554422,37.03597409951188,95,90,32/1044,0/512,-,-,-
3,8,5,44.27333333333333,132.50555555555556,174.50666666666666,11.342908744705952,33.94816499397451,44.708926261319526,36.90862317038685,95,90,32/1044,0/512,-,-,-
3,8,6,43.12222222222222,133.17111111111112,174.85666666666665,11.052256870283353,34.13185248469315,44.81589064502349,37.14552047410092,95,90,32/1044,0/512,-,-,-
3,8,7,42.73555555555556,133.0077777777778,175.57888888888888,10.947784559916508,34.073278724817364,44.978936715266144,37.26695576847238,95,90,32/1044,0/512,-,-,-
3,8,8,42.916666666666664,133.00666666666666,176.25,10.96761064627267,33.99064854427744,45.0417408094499,37.18609382339351,95,90,32/1044,0/512,-,-,-
3,8,9,41.72666666666667,132.29888888888888,176.04222222222222,10.72763687032035,34.01312761655679,45.25923551312285,37.33233549676328,95,90,32/1044,0/512,-,-,-
3,8,10,41.83555555555556,133.17666666666668,177.27333333333334,10.687920468559282,34.023251339664476,45.28882819177624,36.99481928557745,95,90,32/1044,0/512,-,-,-
3,8,11,41.83888888888889,132.7277777777778,177.66,10.690559109664232,33.91424082976871,45.395200060567056,37.06252560825031,95,90,32/1044,0/512,-,-,-
3,8,12,41.99111111111111,133.8088888888889,177.92555555555555,10.683989156690844,34.04560346533565,45.270407377973505,36.76366566727771,95,90,32/1044,0/512,-,-,-
3,loc0,-,51.80896647490577,134.86094028962506,175.41360841102954,12.877711321601327,33.521229543358956,43.60105913503972,34.987501965034525,95,90,-,-,58.65819923795099,91.4161051113514,0.641661544937854
3,loc1,-,43.70422535211267,135.6591946042452,179.69113271176354,10.954826369590174,34.00410167105527,45.04107195935457,37.65536600897204,95,90,-,-,50.91853909630057,79.35420082129453,0.641661544937854
3,loc2,-,45.74469351319183,132.79269986113866,172.63856377702837,11.72353155832022,34.0323497213432,44.24411872033658,37.269198084387014,95,90,-,-,62.08979908364579,96.76409561002957,0.641661544937854
3,loc3,-,42.450109105336246,134.17536203134298,178.5647688950605,10.75623536034904,33.998069827993525,45.24569481165743,37.13382940048118,95,90,-,-,58.575854931948555,91.28777529845851,0.641661544937854
7,0,2,61.45444444444444,149.52333333333334,189.57,13.80834024516426,33.59674112950876,42.594918625326976,4.393751615848196,90,90,35/1044,0/512,-,-,-
7,0,3,61.114444444444445,149.3088888888889,189.54333333333332,13.75189599133261,33.59729977498125,42.65080423368614,4.597051542681188,90,90,35/1044,0/512,-,-,-
7,0,4,60.35,149.4177777777778,190.97444444444446,12.800622733372519,31.692470637816495,40.50690662881098,5.2684215629122395,90,85,35/1044,0/512,-,-,-
7,0,5,59.464444444444446,149.84222222222223,191.52444444444444,12.60999367979864,31.77544989854414,40.61455642165722,5.2017377372343105,90,85,35/1044,0/512,-,-,-
7,0,6,57.99111111111111,149.4622222222222,191.54333333333332,12.354099310214231,31.84058903304678,40.805311656738986,5.425690731829316,90,85,35/1044,0/512,-,-,-
7,0,7,57.75666666666667,149.33,193.01666666666668,12.27012188517966,31.724429522373388,41.00544859244695,5.722114193321716,90,85,35/1044,0/512,-,-,-
7,0,8,57.57888888888889,149.64333333333335,193.20444444444445,12.222476580536316,31.76532531965903,41.01219809980465,6.092653270121942,90,85,35/1044,0/512,-,-,-
7,0,9,56.05888888888889,148.99333333333334,192.74666666666667,11.978428519156804,31.83627125934657,41.185300221496625,6.6243497305905885,90,85,35/1044,0/512,-,-,-
7,0,10,54.88777777777778,149.5088888888889,194.63555555555556,11.69194077894016,31.847692611847,41.46036660921285,6.811940085004711,90,85,35/1044,0/512,-,-,-
7,0,11,53.97222222222222,148.8411111111111,195.19,11.526634338629213,31.787408257328945,41.685957404041844,7.153287088815945,90,85,35/1044,0/512,-,-,-
7,0,12,54.684444444444445,148.95666666666668,194.58333333333334,11.67225629321265,31.794423580225562,41.5333201265618,7.544466134529011,90,85,35/1044,0/512,-,-,-
7,1,2,60.60777777777778,149.56333333333333,189.44444444444446,12.891542982978082,31.812783953466383,40.295673063555526,5.538512268909144,90,85,35/1044,0/512,-,-,-
7,1,3,60.44777777777778,150.01888888888888,191.75666666666666,12.774149795166311,31.702799163538216,40.52305104129546,5.90342642207079,90,85,35/1044,0/512,-,-,-
7,1,4,59.26444444444444,149.1611111111111,191.09333333333333,12.60886010117725,31.734906151009405,40.65623374781334,6.626687323335257,90,85,35/1044,0/512,-,-,-
7,1,5,57.92,149.85222222222222,191.59555555555556,12.327484273754905,31.89400747292248,40.778508253322606,6.484094290376381,90,85,35/1044,0/512,-,-,-
7,1,6,57.59,149.21777777777777,192.27444444444444,12.266018698458131,31.78169912076041,40.95228218078147,6.73596604477482,90,85,35/1044,0/512,-,-,-
7,1,7,57.766666666666666,149.73888888888888,193.49,12.244940370633092,31.740515273098065,41.01454435626884,7.066350306365524,90,85,35/1044,0/512,-,-,-
7,1,8,56.16444444444444,149.6611111111111,193.91,11.94283998865917,31.82402532785564,41.2331346834852,7.345199793711058,90,85,35/1044,0/512,-,-,-
7,1,9,54.733333333333334,150.07,193.67333333333335,11.6752967551425,32.011786553792355,41.31291669106514,7.655300444196565,90,85,35/1044,0/512,-,-,-
7,1,10,52.59444444444444,148.5811111111111,193.89888888888888,11.315659214719025,31.96712574564006,41.717215039640905,8.082330605920594,90,85,35/1044,0/512,-,-,-
7,1,11,52.62111111111111,149.62,194.9911111111111,11.259898352209316,32.01578142088731,41.72432022690338,8.252065381459756,90,85,35/1044,0/512,-,-,-
7,1,12,52.144444444444446,149.63444444444445,194.92333333333335,11.172808039615497,32.06164993614018,41.765542024244326,8.309082985134896,90,85,35/1044,0/512,-,-,-
7,2,0,60.80111111111111,149.37222222222223,189.67555555555555,13.685420047573528,33.621451437209615,42.69312851521686,4.767461650219276,90,90,35/1044,0/512,-,-,-
7,2,1,59.35444444444445,149.0,190.09,12.662060791968766,31.786112660345786,40.551826547685444,5.826506110021209,90,85,35/1044,0/512,-,-,-
7,2,2,60.31111111111111,149.07888888888888,189.40777777777777,12.854746766670939,31.77476470948796,40.370488523841104,6.253993929318425,90,85,35/1044,0/512,-,-,-
7,2,3,59.093333333333334,148.8388888888889,190.62555555555556,12.602773332738595,31.742714007727862,40.65451265953354,6.515303727742603,90,85,35/1044,0/512,-,-,-
7,2,4,58.85888888888889,150.0888888888889,191.59666666666666,12.490512912979554,31.85053676939721,40.65895031762323,6.517491897868458,90,85,35/1044,0/512,-,-,-
7,2,5,58.33444444444444,149.50666666666666,191.2211111111111,12.42519963469913,31.844825089933067,40.729975275367806,7.060106987982133,90,85,35/1044,0/512,-,-,-
7,2,6,57.31444444444445,149.4922222222222,192.71,12.194053926272025,31.80552890297999,41.000417170747994,7.17810395145862,90,85,35/1044,0/512,-,-,-
7,2,7,56.46,148.6811111111111,192.5388888888889,12.067742908871454,31.779054627953236,41.153202463175305,7.611524988324514,90,85,35/1044,0/512,-,-,-
7,2,8,55.93555555555555,149.04444444444445,192.76888888888888,11.953577634129852,31.851195896908713,41.19522646896143,7.720506374097189,90,85,35/1044,0/512,-,-,-
7,2,9,53.72888888888889,150.40666666666667,193.47222222222223,11.486082040648657,32.153713737994174,41.36020422135718,7.821720856477161,90,85,35/1044,0/512,-,-,-
7,2,10,53.022222222222226,149.05,194.3411111111111,11.369165741706187,31.959696949312164,41.67113730898164,8.426977799196038,90,85,35/1044,0/512,-,-,-
7,2,11,52.14666666666667,149.40666666666667,194.4777777777778,11.192218344237826,32.067093494338266,41.740688161423904,8.208510449123034,90,85,35/1044,0/512,-,-,-
7,2,12,51.99444444444445,149.92222222222222,195.54777777777778,11.119303473685976,32.06170782571746,41.81898870059656,8.72509062161674,90,85,35/1044,0/512,-,-,-
7,2,13,50.99,149.59666666666666,194.85555555555555,10.960261086041507,32.15568786562442,41.88405104833407,9.123316783050731,90,85,35/1044,0/512,-,-,-
7,2,14,52.95444444444444,150.1211111111111,195.70222222222222,11.28730844246308,31.998509334076342,41.714182223460575,9.302212111631624,90,85,35/1044,0/512,-,-,-
7,3,0,61.06,149.22444444444446,190.2122222222222,12.959159044186803,31.670869781132875,40.36997117468032,5.612627499349982,90,85,35/1044,0/512,-,-,-
7,3,1,59.47,148.6811111111111,188.52444444444444,12.743285864742527,31.859524156321424,40.39718997893605,6.056320313701535,90,85,35/1044,0/512,-,-,-
7,3,2,58.62222222222222,149.32444444444445,190.12333333333333,12.517619737455444,31.88529097339106,40.5970892891535,6.563857020275244,90,85,35/1044,0/512,-,-,-
7,3,3,58.61555555555555,149.09666666666666,190.90444444444444,12.499031372385051,31.79299243216122,40.70797619545372,6.594684284038016,90,85,35/1044,0/512,-,-,-
7,3,4,57.23111111111111,149.1911111111111,190.46666666666667,12.256942889137736,31.951623740201562,40.79143337066069,7.202848775044982,90,85,35/1044,0/512,-,-,-
7,3,5,56.59444444444444,148.8111111111111,190.45777777777778,12.151991287677845,31.952806383796876,40.89520232852528,7.264481103746928,90,85,35/1044,0/512,-,-,-
7,3,6,57.11222222222222,149.86888888888888,191.7277777777778,12.175647506674322,31.9502672515174,40.87408524180829,7.506172757236112,90,85,35/1044,0/512,-,-,-
7,3,7,56.227777777777774,149.03333333333333,192.66,12.010825708054917,31.835037095571707,41.15413719637337,7.5493630525692526,90,85,35/1044,0/512,-,-,-
7,3,8,55.26444444444444,148.9611111111111,192.7588888888889,11.832901373129651,31.89468660960687,41.272412017263484,8.140098220783923,90,85,35/1044,0/512,-,-,-
7,3,9,54.297777777777775,149.51444444444445,194.47555555555556,11.587880343358654,31.908405145358326,41.50371451128302,8.288836729583233,90,85,35/1044,0/512,-,-,-
7,3,10,53.614444444444445,149.64111111111112,194.17222222222222,11.466807386387464,32.00454310356878,41.52864951004375,8.49032802909022,90,85,35/1044,0/512,-,-,-
7,3,11,52.19777777777778,149.31444444444443,194.35444444444445,11.207842146626248,32.0606124396542,41.731545413719545,8.358749929803015,90,85,35/1044,0/512,-,-,-
7,3,12,51.8,149.78666666666666,195.12222222222223,11.09881861314482,32.093726718164454,41.80745466869073,8.885901805401732,90,85,35/1044,0/512,-,-,-
7,3,13,51.55555555555556,149.85888888888888,195.85888888888888,11.030748491103243,32.063580630184646,41.90567087871211,9.090459917492936,90,85,35/1044,0/512,-,-,-
7,3,14,52.62111111111111,150.9622222222222,196.42,11.18189292867004,32.079204895514756,41.7389021758152,7.96642561806487,90,85,35/1044,0/512,-,-,-
7,4,0,58.86555555555555,148.87777777777777,190.52555555555554,12.563301733613807,31.77403875661892,40.662659509767266,5.217866857252393,90,85,35/1044,0/512,-,-,-
7,4,1,58.67333333333333,149.57888888888888,188.9788888888889,12.554991776407801,32.00707396757555,40.437934256016646,6.688631817163963,90,85,35/1044,0/512,-,-,-
7,4,2,57.95444444444444,149.1688888888889,189.38,12.423925257739182,31.977929287409662,40.598145454851156,7.165464531536412,90,85,35/1044,0/512,-,-,-
7,4,3,58.605555555555554,149.10444444444445,190.88333333333333,12.497630556345369,31.796512178940382,40.70585726471424,5.787626747555391,90,85,35/1044,0/512,-,-,-
7,4,4,57.672222222222224,149.25222222222223,191.99555555555557,12.288526243078534,31.801962521029,40.90951123589247,7.612121289933253,90,85,35/1044,0/512,-,-,-
7,4,5,56.83888888888889,149.21777777777777,190.91222222222223,12.170489151122952,31.950894556528354,40.87861629234868,7.5699869588745194,90,85,35/1044,0/512,-,-,-
7,4,6,56.65111111111111,148.90777777777777,191.76444444444445,12.119460500963392,31.8560729996001,41.024466499436514,8.11944010057467,90,85,35/1044,0/512,-,-,-
7,4,7,55.535555555555554,148.22333333333333,191.81222222222223,11.933435201986438,31.85010982714163,41.216454970871936,8.160859815696769,90,85,35/1044,0/512,-,-,-
7,4,8,56.57555555555555,148.85888888888888,192.27666666666667,12.09149578141588,31.814563893389952,41.09394032519417,8.29711092111278,90,85,35/1044,0/512,-,-,-
7,4,9,54.147777777777776,149.29666666666665,193.45333333333335,11.59633882779781,31.973514031040736,41.430147141161456,8.115797726414016,90,85,35/1044,0/512,-,-,-
7,4,10,53.352222222222224,149.51555555555555,193.54333333333332,11.439989348880232,32.05970232923172,41.50030832188805,8.879388569350061,90,85,35/1044,0/512,-,-,-
7,4,11,51.754444444444445,149.5011111111111,194.62444444444444,11.112275886070975,32.09961211590493,41.78811199802409,8.61018367580444,90,85,35/1044,0/512,-,-,-
7,4,12,51.382222222222225,149.4011111111111,194.58666666666667,11.046586460502539,32.11951954990121,41.83389398959624,9.309186694489437,90,85,35/1044,0/512,-,-,-
7,4,13,51.50111111111111,149.49333333333334,196.03666666666666,11.025822213764384,32.004880669860746,41.96929711637487,9.297251605187208,90,85,35/1044,0/512,-,-,-
7,4,14,52.73,150.08666666666667,196.78333333333333,11.216341341341339,31.92534200867534,41.858316649983315,9.463436888598684,90,85,35/1044,0/512,-,-,-
7,5,0,57.79,148.47666666666666,189.7788888888889,12.402992360587024,31.866325703272068,40.730681936140904,6.874398084279935,90,85,35/1044,0/512,-,-,-
7,5,1,57.51888888888889,148.57333333333332,189.04555555555555,12.373166602928938,31.960328886689314,40.666504510381756,7.318367579672399,90,85,35/1044,0/512,-,-,-
7,5,2,56.16888888888889,148.7722222222222,188.47444444444446,12.135655258505283,32.1432101764038,40.721134565090914,7.48871649347557,90,85,35/1044,0/512,-,-,-
7,5,3,56.57888888888889,148.2588888888889,189.79111111111112,12.186653564811946,31.933814047515806,40.87953238767224,7.924488569046955,90,85,35/1044,0/512,-,-,-
7,5,4,56.18222222222222,148.87333333333333,190.33444444444444,12.077920253139657,32.0044344402573,40.91764530660305,8.000667147537348,90,85,35/1044,0/512,-,-,-
7,5,5,56.72555555555556,149.19444444444446,191.32111111111112,12.137898337701424,31.92400641088396,40.938095251414616,7.9053052606601115,90,85,35/1044,0/512,-,-,-
7,5,6,56.59444444444444,149.07444444444445,191.48111111111112,12.112621875306,31.90564718060627,40.981730944087744,8.18094734297667,90,85,35/1044,0/512,-,-,-
7,5,7,56.37555555555556,148.95555555555555,192.46666666666667,12.046126172427085,31.828287963175033,41.12558586439788,8.478496144184541,90,85,35/1044,0/512,-,-,-
7,5,8,54.37222222222222,147.63111111111112,191.1211111111111,11.756172769719512,31.920285349281546,41.32354188099895,8.828264603220193,90,85,35/1044,0/512,-,-,-
7,5,9,54.025555555555556,149.1977777777778,192.52777777777777,11.6036875028076,32.04491599658596,41.35139650060644,8.650969108089473,90,85,35/1044,0/512,-,-,-
7,5,10,52.42666666666667,149.1911111111111,192.1811111111111,11.316097613276941,32.202336782170256,41.481565604552806,9.009980214024402,90,85,35/1044,0/512,-,-,-
7,5,11,52.08777777777778,149.41,194.76555555555555,11.173027476117174,32.04901622658333,41.77795629729949,9.255967556261474,90,85,35/1044,0/512,-,-,-
7,5,12,51.41,149.4177777777778,194.85888888888888,11.04371303893653,32.09739468378459,41.858892277278876,9.399449348365309,90,85,35/1044,0/512,-,-,-
7,5,13,50.053333333333335,149.16666666666666,195.1611111111111,10.787872982422531,32.14952823411083,42.06259878346664,9.334688784913508,90,85,35/1044,0/512,-,-,-
7,5,14,51.72888888888889,149.67777777777778,195.6588888888889,11.073626241398706,32.041588430681756,41.884785327919545,9.565884467128164,90,85,35/1044,0/512,-,-,-
7,6,0,56.08111111111111,148.5211111111111,188.97444444444446,12.111730313732464,32.075820325843615,40.81244936042392,6.636686819699352,90,85,35/1044,0/512,-,-,-
7,6,1,55.492222222222225,148.10888888888888,188.37333333333333,12.033536766852714,32.11754167646984,40.848921556677446,7.366319348050086,90,85,35/1044,0/512,-,-,-
7,6,2,55.4,148.39666666666668,187.6588888888889,12.029462689109023,32.222602253697026,40.74793505719395,7.723153137881134,90,85,35/1044,0/512,-,-,-
7,6,3,54.388888888888886,147.65666666666667,188.10666666666665,11.849363638693728,32.16902519529415,40.98161116601212,8.255884281845034,90,85,35/1044,0/512,-,-,-
7,6,4,55.16,147.86444444444444,189.29444444444445,11.950992248369381,32.036381968183484,41.01262578344714,8.623991156589064,90,85,35/1044,0/512,-,-,-
7,6,5,54.37222222222222,147.17555555555555,188.95333333333335,11.835149138855774,32.035561145081395,41.12928971606285,8.675312537339089,90,85,35/1044,0/512,-,-,-
7,6,6,54.20777777777778,147.4177777777778,190.84666666666666,11.740094840399179,31.927128600750233,41.33277655885059,8.405215400609128,90,85,35/1044,0/512,-,-,-
7,6,7,55.15,148.36,191.88,11.856015579554365,31.89407926351198,41.249905156933664,8.764274529230043,90,85,35/1044,0/512,-,-,-
7,6,8,53.723333333333336,147.52333333333334,190.86555555555555,11.645858186856938,31.97932281291354,41.37481900022952,8.84557079176302,90,85,35/1044,0/512,-,-,-
7,6,9,53.083333333333336,147.90444444444444,191.7511111111111,11.488761263491437,32.01077900216429,41.500459734344275,9.149526069431237,90,85,35/1044,0/512,-,-,-
7,6,10,51.361111111111114,147.89777777777778,193.16333333333333,11.124992921456482,32.03516620420182,41.83984087434169,9.359280245638985,90,85,35/1044,0/512,-,-,-
7,6,11,52.71888888888889,149.19666666666666,194.25555555555556,11.311035635555903,32.010705250817544,41.678259113626545,8.940668026187243,90,85,35/1044,0/512,-,-,-
7,6,12,51.13,149.1611111111111,194.32,11.013501337463046,32.129593129663526,41.856905532873434,9.603972089579061,90,85,35/1044,0/512,-,-,-
7,6,13,49.89111111111111,148.19666666666666,193.76888888888888,10.822182714201054,32.14623544323179,42.03158184256715,9.541164765777419,90,85,35/1044,0/512,-,-,-
7,6,14,50.45,148.73111111111112,194.25,10.899620998169947,32.13305731908452,41.96732168274553,9.678394709172796,90,85,35/1044,0/512,-,-,-
7,7,2,54.623333333333335,147.65,188.1888888888889,11.890992442006056,32.14203394267763,40.96697361531632,8.318806510122743,90,85,35/1044,0/512,-,-,-
7,7,3,54.71888888888889,147.42333333333335,188.90555555555557,11.893957260124509,32.04463506874693,41.06140767112856,8.49532345750225,90,85,35/1044,0/512,-,-,-
7,7,4,55.01222222222222,148.13444444444445,189.42777777777778,11.911215707141178,32.073987382435604,41.014796910423215,8.621297004081528,90,85,35/1044,0/512,-,-,-
7,7,5,53.903333333333336,148.0388888888889,189.87,11.693824422696814,32.115653473460924,41.19052210384226,8.660600268598804,90,85,35/1044,0/512,-,-,-
7,7,6,52.50222222222222,148.24444444444444,191.23333333333332,11.384991297741948,32.14648139644313,41.468527305814916,8.722802397541026,90,85,35/1044,0/512,-,-,-
7,7,7,52.202222222222225,147.83,191.1911111111111,11.341830895112482,32.11861085313589,41.53955825175162,9.271134504414913,90,85,35/1044,0/512,-,-,-
7,7,8,52.19111111111111,148.0588888888889,191.15666666666667,11.334105477111049,32.15327337864001,41.51262114424895,9.252693020935746,90,85,35/1044,0/512,-,-,-
7,7,9,51.25333333333333,148.41444444444446,191.88,11.126441217617828,32.218872111534566,41.6546866708476,9.28378807576904,90,85,35/1044,0/512,-,-,-
7,7,10,52.24111111111111,147.7811111111111,193.25,11.291146929607706,31.94071112743505,41.768141942957236,9.551777801640698,90,85,35/1044,0/512,-,-,-
7,7,11,50.19111111111111,147.3788888888889,193.09,10.920607291364473,32.0667730393579,42.01261966927764,9.820027085258562,90,85,35/1044,0/512,-,-,-
7,7,12,49.62,148.04888888888888,193.36666666666667,10.785975699851107,32.18161463009899,42.032409670049894,9.87600962276539,90,85,35/1044,0/512,-,-,-
7,8,2,54.84777777777778,147.5211111111111,188.20888888888888,11.936319412835685,32.10447485207101,40.959205735093306,7.802577215596922,90,85,35/1044,0/512,-,-,-
7,8,3,54.45444444444444,147.28666666666666,188.5588888888889,11.859153927178523,32.07626612007857,41.0645799527429,7.862386061507762,90,85,35/1044,0/512,-,-,-
7,8,4,53.434444444444445,146.17777777777778,187.73,11.725878350468149,32.07786396181385,41.19625768771801,8.136069115170542,90,85,35/1044,0/512,-,-,-
7,8,5,53.06444444444445,146.69333333333333,189.00444444444443,11.602150414706504,32.07341819907055,41.32443138622293,8.20503331484772,90,85,35/1044,0/512,-,-,-
7,8,6,52.35333333333333,147.13555555555556,189.73222222222222,11.433175658508874,32.132178510358294,41.43464583113283,8.420414064035807,90,85,35/1044,0/512,-,-,-
7,8,7,52.73444444444444,147.15666666666667,190.32,11.487186423303624,32.05525499017626,41.457558586520115,8.528315393663314,90,85,35/1044,0/512,-,-,-
7,8,8,51.07111111111111,147.15666666666667,191.07111111111112,11.150929448666977,32.130368268882236,41.71870228245079,8.72746029469609,90,85,35/1044,0/512,-,-,-
7,8,9,48.922222222222224,146.63333333333333,190.20222222222222,10.779792731189984,32.30999879025987,41.91020847855016,8.969384853592471,90,85,35/1044,0/512,-,-,-
7,8,10,49.76,146.96,192.1888888888889,10.875554971458609,32.11960527744287,42.004839751098515,8.958424045833443,90,85,35/1044,0/512,-,-,-
7,8,11,50.39111111111111,146.44,192.3411111111111,11.006038457695107,31.98429715492998,42.00966438737491,9.074244600383825,90,85,35/1044,0/512,-,-,-
7,8,12,51.17666666666667,147.78222222222223,193.9,11.072720484878653,31.974556880757298,41.952722634364044,9.04624344390259,90,85,35/1044,0/512,-,-,-
7,loc0,-,62.246974806585996,149.18428883158103,189.10692322951795,13.986750617721741,33.521363093596044,42.4918862886822,4.490023053619642,90,90,-,-,130.2244563753122,815.2463046944758,0.15973633443713126
7,loc1,-,52.080341202142435,149.54889902797063,194.8161079150962,11.166303307361943,32.064082670788466,41.7696140218496,9.315154714855842,90,85,-,-,140.89733553996294,882.0619055548508,0.15973633443713126
7,loc2,-,54.144415790517755,147.14858163062885,186.93414005157706,11.854594637958197,32.21729815186406,40.92810721017775,8.841251334589195,90,85,-,-,125.67517504642386,786.7663640164903,0.15973633443713126
7,loc3,-,50.15294584407856,147.9412814917675,194.01249752033326,10.872041019725694,32.07037301237978,42.057585967894525,10.83540363570555,90,85,-,-,124.1312332710826,777.1007999431586,0.15973633443713126
